name,description,styleUrl,ExtendedData/Data/value,ExtendedData/Data/_name,longitude,latitude,altitude
Camino a la Mesa 230A,"<img src=""https://doc-0c-as-mymaps.googleusercontent.com/untrusted/hostedimage/p2va6jf2mqks9bigu2itbc1ma4/qtrvq8c17908rco3cq0v054dtg/1589979218750/W4OmQKK1YzLkky7Ks6tUSHrwa0mUlkCc/02970851987269868253/5AF2TALpxBNqpZWXoKTRs4ZGTjm4XhQxhpKyvlBjGLX1akD7AFNczWFwvCaJiwHGob3VdwKQVlHg6HZVCnYT-gyHZtXCHSy9ZGekFh-cUoeMxInp58tDhLq9nR7CMuoRAgHr1GUBGZ_Itg782kbsHOym4FEzhKQoCCiAmKtWpMz7nvDjOKKoC5ogHSlhV6UuqucEhvWG5C_Fs9YEdqQ2j82A51VtzzWbH-QkOaMajyen18dkkSasJlx385wA5rYMC0ztaevww0NeJBAk5Qzx-EGX81uUdGaUxLQ?session=1&fife"" height=""200"" width=""auto"" /><br><br>",#icon-1899-DB4436,https://doc-0c-as-mymaps.googleusercontent.com/untrusted/hostedimage/p2va6jf2mqks9bigu2itbc1ma4/qtrvq8c17908rco3cq0v054dtg/1589979218750/W4OmQKK1YzLkky7Ks6tUSHrwa0mUlkCc/02970851987269868253/5AF2TALpxBNqpZWXoKTRs4ZGTjm4XhQxhpKyvlBjGLX1akD7AFNczWFwvCaJiwHGob3VdwKQVlHg6HZVCnYT-gyHZtXCHSy9ZGekFh-cUoeMxInp58tDhLq9nR7CMuoRAgHr1GUBGZ_Itg782kbsHOym4FEzhKQoCCiAmKtWpMz7nvDjOKKoC5ogHSlhV6UuqucEhvWG5C_Fs9YEdqQ2j82A51VtzzWbH-QkOaMajyen18dkkSasJlx385wA5rYMC0ztaevww0NeJBAk5Qzx-EGX81uUdGaUxLQ?session=1&fife,gx_media_links,-103.365585327148,20.76393699646,0
Eucalipto 2623C,"<img src=""https://doc-0c-as-mymaps.googleusercontent.com/untrusted/hostedimage/p2va6jf2mqks9bigu2itbc1ma4/3uv70d8gevnvco6q5gl693ujfs/1589979218750/W4OmQKK1YzLkky7Ks6tUSHrwa0mUlkCc/02970851987269868253/5AF2TALo85WYDIl-QhEqUxaALbZhA7vRPQt4dyYkdIJBwfxJ0Wa2_HQObo3J5jjSRZgOcHL-EjuTdO5xSGa1v-ijIYfgScsrfb9hcUVSDKbR7oBp5wm0bBq40ZX1CCD9iPBHppUsrzRLwaqx1EPkhN8zaLUv-M_mg3VkeFmuuhKlMAZSFTj8Ymuei2pAtTo_neTxuITi4JlXoFxGEC47l5MZvhDopEQlSxH35FcZuHDkZXZTKDWAAf5DosvJag7GoTtA0lm-p9sI7pBYpIuO2q5hTZMYpK-6uGw?session=1&fife"" height=""200"" width=""auto"" /><br><br>",#icon-1899-DB4436,https://doc-0c-as-mymaps.googleusercontent.com/untrusted/hostedimage/p2va6jf2mqks9bigu2itbc1ma4/3uv70d8gevnvco6q5gl693ujfs/1589979218750/W4OmQKK1YzLkky7Ks6tUSHrwa0mUlkCc/02970851987269868253/5AF2TALo85WYDIl-QhEqUxaALbZhA7vRPQt4dyYkdIJBwfxJ0Wa2_HQObo3J5jjSRZgOcHL-EjuTdO5xSGa1v-ijIYfgScsrfb9hcUVSDKbR7oBp5wm0bBq40ZX1CCD9iPBHppUsrzRLwaqx1EPkhN8zaLUv-M_mg3VkeFmuuhKlMAZSFTj8Ymuei2pAtTo_neTxuITi4JlXoFxGEC47l5MZvhDopEQlSxH35FcZuHDkZXZTKDWAAf5DosvJag7GoTtA0lm-p9sI7pBYpIuO2q5hTZMYpK-6uGw?session=1&fife,gx_media_links,-103.366195678711,20.7637367248535,0
Eucalipto 8A,"<img src=""https://doc-10-as-mymaps.googleusercontent.com/untrusted/hostedimage/p2va6jf2mqks9bigu2itbc1ma4/k1jr9ugf0mf1pfm3dao51rddhg/1589979218750/W4OmQKK1YzLkky7Ks6tUSHrwa0mUlkCc/02970851987269868253/5AF2TALri73hy7waQ7Hc3IoaqhbJ_q3EaAE103t_m6Ehelqks22M_5V21rQUc3iTvrcOlgXDeDjXq8gnKo42uaFmrtoeEBknO2K_cPWuWGhElmmusrPf4vClTKjQIlNxqqCRF1GepfatSCiALbapmXbZ4cPNMwaH6mxYAsKmzWIitncOwkgEJDk4VojI6yTtMCzxQtZxhbfMevGl8D6njOlRcl2Y0P6qLwPPyBQ7PKhWXgd2q2aKOylyQOunLzjEA6kjYiSj42rTzBwl-_M8DXbDc4SKn-1rNrA?session=1&fife"" height=""200"" width=""auto"" /><br><br>",#icon-1899-DB4436,https://doc-10-as-mymaps.googleusercontent.com/untrusted/hostedimage/p2va6jf2mqks9bigu2itbc1ma4/k1jr9ugf0mf1pfm3dao51rddhg/1589979218750/W4OmQKK1YzLkky7Ks6tUSHrwa0mUlkCc/02970851987269868253/5AF2TALri73hy7waQ7Hc3IoaqhbJ_q3EaAE103t_m6Ehelqks22M_5V21rQUc3iTvrcOlgXDeDjXq8gnKo42uaFmrtoeEBknO2K_cPWuWGhElmmusrPf4vClTKjQIlNxqqCRF1GepfatSCiALbapmXbZ4cPNMwaH6mxYAsKmzWIitncOwkgEJDk4VojI6yTtMCzxQtZxhbfMevGl8D6njOlRcl2Y0P6qLwPPyBQ7PKhWXgd2q2aKOylyQOunLzjEA6kjYiSj42rTzBwl-_M8DXbDc4SKn-1rNrA?session=1&fife,gx_media_links,-103.365707397461,20.7638473510742,0
San Miguel 93,"<img src=""https://doc-08-as-mymaps.googleusercontent.com/untrusted/hostedimage/p2va6jf2mqks9bigu2itbc1ma4/ie9j4asp0sas4luhsfdj6v9ugs/1589979218750/W4OmQKK1YzLkky7Ks6tUSHrwa0mUlkCc/02970851987269868253/5AF2TALpyXILtdh1SUNcfEDii1N471cis41srfDKKxskSzF0ZuSyuEDgvnrM59bdYoCw8n2qwH8BVgiPs0zQmK3HuqXxEbOU9QbmylGj2-npnDRXVstsYNrPzqdMn5pr7NNpyxgI0sZLqwuw1L4gbEPz_XyZmwwXQrk2vOFp293YQVdxy9bsYfg0sKyMbkm7-Fiwkqn2rZ0UUJvcQBqSgv-yk-FGn2Pzgm3V7ZrR8git9Gftq2z7gJKfZR4h5nQ0erGhOTcv8sWj2G4kpB0of4lxrgh7azKLR8Q?session=1&fife"" height=""200"" width=""auto"" /><br><br>",#icon-1899-DB4436,https://doc-08-as-mymaps.googleusercontent.com/untrusted/hostedimage/p2va6jf2mqks9bigu2itbc1ma4/ie9j4asp0sas4luhsfdj6v9ugs/1589979218750/W4OmQKK1YzLkky7Ks6tUSHrwa0mUlkCc/02970851987269868253/5AF2TALpyXILtdh1SUNcfEDii1N471cis41srfDKKxskSzF0ZuSyuEDgvnrM59bdYoCw8n2qwH8BVgiPs0zQmK3HuqXxEbOU9QbmylGj2-npnDRXVstsYNrPzqdMn5pr7NNpyxgI0sZLqwuw1L4gbEPz_XyZmwwXQrk2vOFp293YQVdxy9bsYfg0sKyMbkm7-Fiwkqn2rZ0UUJvcQBqSgv-yk-FGn2Pzgm3V7ZrR8git9Gftq2z7gJKfZR4h5nQ0erGhOTcv8sWj2G4kpB0of4lxrgh7azKLR8Q?session=1&fife,gx_media_links,-103.365524291992,20.7643966674805,0
Eucalipto 2623a,"<img src=""https://doc-04-as-mymaps.googleusercontent.com/untrusted/hostedimage/p2va6jf2mqks9bigu2itbc1ma4/j3cv2uu5rmr3bpjtkgdm8k0pv8/1589979218750/W4OmQKK1YzLkky7Ks6tUSHrwa0mUlkCc/02970851987269868253/5AF2TALoW4mYHyLalQok_TH94a7KasJciKYLoPk_TieHrCoMB2WnFkEYzPzELJQlNWiZjM1At0Dm58p8UyqLl1Kwg6xhHds5CC5egCBZjtSN-a0YIuCgNjvFsxXjtI7RqqZTZ6VG8GRzhwZSlcpX5JsNDjbOp3h7MKOWIlB9L20YrSysBiTyhYSBPNYxS3xj-47STrVNfuBGcvAozPtXaKADwA8cp69mbxHr1uj34SIvlVbt1LyIIsbAQ5wmBmiNS1ubJKmr9zKKxpS-Bm4gUwLBLYOWLcxwioA?session=1&fife"" height=""200"" width=""auto"" /><br><br>",#icon-1899-DB4436,https://doc-04-as-mymaps.googleusercontent.com/untrusted/hostedimage/p2va6jf2mqks9bigu2itbc1ma4/j3cv2uu5rmr3bpjtkgdm8k0pv8/1589979218750/W4OmQKK1YzLkky7Ks6tUSHrwa0mUlkCc/02970851987269868253/5AF2TALoW4mYHyLalQok_TH94a7KasJciKYLoPk_TieHrCoMB2WnFkEYzPzELJQlNWiZjM1At0Dm58p8UyqLl1Kwg6xhHds5CC5egCBZjtSN-a0YIuCgNjvFsxXjtI7RqqZTZ6VG8GRzhwZSlcpX5JsNDjbOp3h7MKOWIlB9L20YrSysBiTyhYSBPNYxS3xj-47STrVNfuBGcvAozPtXaKADwA8cp69mbxHr1uj34SIvlVbt1LyIIsbAQ5wmBmiNS1ubJKmr9zKKxpS-Bm4gUwLBLYOWLcxwioA?session=1&fife,gx_media_links,-103.366149902344,20.7637729644775,0
San Luis 20,"<img src=""https://doc-00-as-mymaps.googleusercontent.com/untrusted/hostedimage/p2va6jf2mqks9bigu2itbc1ma4/7oo04tbgcedua7espsm9o93f84/1589979218750/W4OmQKK1YzLkky7Ks6tUSHrwa0mUlkCc/02970851987269868253/5AF2TALqB9uBCjUU-P75h7sOB2QU0861VXN0e0hDO8hbiKX2Qu1HSiar8lAnGEk-7Ba56oWWMfYfdCGq2S0CZdcF4Qc4S6IYMarBmZ2Ffu6FjDYSu_Hx_bPbk_YpL5ocNy8nGxUejTSemrxAGzSThcRq4N0UlywOjD30LqDfg1IqyXR_DOVsuq-9HINu9eDFICZLhrdmxP-EukVdRjt3ZYYG7UDFjkzTQQfKg6c58WzUgGbhHiQpBRahT2Bi0y9-4dHLCNQ2xMVljKessSkhsCBOJCnitwtftsA?session=1&fife"" height=""200"" width=""auto"" /><br><br>",#icon-1899-DB4436,https://doc-00-as-mymaps.googleusercontent.com/untrusted/hostedimage/p2va6jf2mqks9bigu2itbc1ma4/7oo04tbgcedua7espsm9o93f84/1589979218750/W4OmQKK1YzLkky7Ks6tUSHrwa0mUlkCc/02970851987269868253/5AF2TALqB9uBCjUU-P75h7sOB2QU0861VXN0e0hDO8hbiKX2Qu1HSiar8lAnGEk-7Ba56oWWMfYfdCGq2S0CZdcF4Qc4S6IYMarBmZ2Ffu6FjDYSu_Hx_bPbk_YpL5ocNy8nGxUejTSemrxAGzSThcRq4N0UlywOjD30LqDfg1IqyXR_DOVsuq-9HINu9eDFICZLhrdmxP-EukVdRjt3ZYYG7UDFjkzTQQfKg6c58WzUgGbhHiQpBRahT2Bi0y9-4dHLCNQ2xMVljKessSkhsCBOJCnitwtftsA?session=1&fife,gx_media_links,-103.36547088623,20.7677783966064,0
San Miguel 57,"<img src=""https://doc-08-as-mymaps.googleusercontent.com/untrusted/hostedimage/p2va6jf2mqks9bigu2itbc1ma4/8nsp7aeebfbvsd87qkpe30ksro/1589979218750/W4OmQKK1YzLkky7Ks6tUSHrwa0mUlkCc/02970851987269868253/5AF2TALoOq6eZT1MN9BbIpV_QnXbEkZjpdmfyNUnvVKtnnPID_OC-KCcGUZaJ0IQ_srlogcSyoT0y7i0zl3qdrvkLCdVTM-Fwgv8F5aWb68rIRFWoQPox5xej-7HquxUz-6MahyiJ3Nyfe_FA9uRQUUCwl0nqEB1qULQZmM9qr06C0Lan-f-x0zn8RumFMzwh9f41ED6mBk7KLqmifYQML1NXK-7xhO-mn9CU33pHjFgr5tnRMxKLHJOfRaMEKxzRb_GjT3B8jovET6ZgZShCLEzDXP9r3uLoEg?session=1&fife"" height=""200"" width=""auto"" /><br><br>",#icon-1899-DB4436,https://doc-08-as-mymaps.googleusercontent.com/untrusted/hostedimage/p2va6jf2mqks9bigu2itbc1ma4/8nsp7aeebfbvsd87qkpe30ksro/1589979218750/W4OmQKK1YzLkky7Ks6tUSHrwa0mUlkCc/02970851987269868253/5AF2TALoOq6eZT1MN9BbIpV_QnXbEkZjpdmfyNUnvVKtnnPID_OC-KCcGUZaJ0IQ_srlogcSyoT0y7i0zl3qdrvkLCdVTM-Fwgv8F5aWb68rIRFWoQPox5xej-7HquxUz-6MahyiJ3Nyfe_FA9uRQUUCwl0nqEB1qULQZmM9qr06C0Lan-f-x0zn8RumFMzwh9f41ED6mBk7KLqmifYQML1NXK-7xhO-mn9CU33pHjFgr5tnRMxKLHJOfRaMEKxzRb_GjT3B8jovET6ZgZShCLEzDXP9r3uLoEg?session=1&fife,gx_media_links,-103.364929199219,20.7655830383301,0
Eucalipto 2647,"<img src=""https://doc-0k-as-mymaps.googleusercontent.com/untrusted/hostedimage/p2va6jf2mqks9bigu2itbc1ma4/vh4sc1k105updcdft0mo7li7uc/1589979218750/W4OmQKK1YzLkky7Ks6tUSHrwa0mUlkCc/02970851987269868253/5AF2TALqO2-77KeFFaI-p6j3qw_2ri8a9cA70_TLm87PI5xn6c4U9O2xemWX02AGJR9WVWL1TBcptOgutzHOLtb5WTvoUgtxSTH0dQbWVOdC9aSUoCpRayvfyTCyhRM7wuxTgX6SYDtVLVD4ntXvfSo3QjJJB_Saz3QVi_HpadZxOHAldawJ7PE0SxpTCfz3jvl9kynWrYI_8GoNeNtGeaOLD8xUFsy5_NFfxNvIfMZ5QQ0Xb6uOcOWEdTtsT_0z8Q6vfQ6aUwELfUEtW1NjmX7skvaf7EouiHQ?session=1&fife"" height=""200"" width=""auto"" /><br><br>",#icon-1899-DB4436,https://doc-0k-as-mymaps.googleusercontent.com/untrusted/hostedimage/p2va6jf2mqks9bigu2itbc1ma4/vh4sc1k105updcdft0mo7li7uc/1589979218750/W4OmQKK1YzLkky7Ks6tUSHrwa0mUlkCc/02970851987269868253/5AF2TALqO2-77KeFFaI-p6j3qw_2ri8a9cA70_TLm87PI5xn6c4U9O2xemWX02AGJR9WVWL1TBcptOgutzHOLtb5WTvoUgtxSTH0dQbWVOdC9aSUoCpRayvfyTCyhRM7wuxTgX6SYDtVLVD4ntXvfSo3QjJJB_Saz3QVi_HpadZxOHAldawJ7PE0SxpTCfz3jvl9kynWrYI_8GoNeNtGeaOLD8xUFsy5_NFfxNvIfMZ5QQ0Xb6uOcOWEdTtsT_0z8Q6vfQ6aUwELfUEtW1NjmX7skvaf7EouiHQ?session=1&fife,gx_media_links,-103.366020202637,20.763858795166,0
Las Torres 2,"<img src=""https://doc-10-as-mymaps.googleusercontent.com/untrusted/hostedimage/p2va6jf2mqks9bigu2itbc1ma4/k92p2bnt0jjcv4c1780k4gnqtc/1589979218750/W4OmQKK1YzLkky7Ks6tUSHrwa0mUlkCc/02970851987269868253/5AF2TALqGEd99kN3D_-29uH2DExatMAtDIPoE5JjJ_xhy2cZkcsJd48u9ywCVeG5t2PN6GveG4VVkIScahEyKqNFbWE5I41KfVAb66-FMbmDJs9ZLrnD_Lp_iouXYVDBUEJ_fJTvIGopOAwcIQSZbXLZ3YdwDgSbCzlBSuMAd99HPPncueX5oYj19dCzGwzMSBibMgD2BcycYnR19AgWSm-gL8OWfPC5nE4gIpR3oSzvTH3ViBG3JzuTAASIol-OK--MQgWkRwQ6rdegGZwE09RrclNY8G7_jWw?session=1&fife"" height=""200"" width=""auto"" /><br><br>",#icon-1899-DB4436,https://doc-10-as-mymaps.googleusercontent.com/untrusted/hostedimage/p2va6jf2mqks9bigu2itbc1ma4/k92p2bnt0jjcv4c1780k4gnqtc/1589979218750/W4OmQKK1YzLkky7Ks6tUSHrwa0mUlkCc/02970851987269868253/5AF2TALqGEd99kN3D_-29uH2DExatMAtDIPoE5JjJ_xhy2cZkcsJd48u9ywCVeG5t2PN6GveG4VVkIScahEyKqNFbWE5I41KfVAb66-FMbmDJs9ZLrnD_Lp_iouXYVDBUEJ_fJTvIGopOAwcIQSZbXLZ3YdwDgSbCzlBSuMAd99HPPncueX5oYj19dCzGwzMSBibMgD2BcycYnR19AgWSm-gL8OWfPC5nE4gIpR3oSzvTH3ViBG3JzuTAASIol-OK--MQgWkRwQ6rdegGZwE09RrclNY8G7_jWw?session=1&fife,gx_media_links,-103.362716674805,20.7627964019775,0
San Miguel 20A,"<img src=""https://doc-08-as-mymaps.googleusercontent.com/untrusted/hostedimage/p2va6jf2mqks9bigu2itbc1ma4/p6otrnaf1hfvrhi2m4fqrd3kcs/1589979218750/W4OmQKK1YzLkky7Ks6tUSHrwa0mUlkCc/02970851987269868253/5AF2TALrudM8201HT3cPMv-vPpAvoRi7QsK4J798jeybGkDneCzXFiNV6h_RhRNRnO8Q7--_sMCWBUavXltxCNvQpcbjkpfh1RiuUkP-NSIqPmOTUdG67iN9tzgvY-p_NIuXNL7tAbNyX05cGavYE6hRDJzSctC_7ziSb8UNa3VlGEXXfa9kSvbRz92mn-OJnKkUgFWRMAjxL6yYXqbDpyg4CJlZ-ZYlK6_SEaQ81xN1mo7PZqssFhRExZdS83cVsLqwUl_o7SQaI4Jjl9aIN3xEsZa4vwl6lRA?session=1&fife"" height=""200"" width=""auto"" /><br><br>",#icon-1899-DB4436,https://doc-08-as-mymaps.googleusercontent.com/untrusted/hostedimage/p2va6jf2mqks9bigu2itbc1ma4/p6otrnaf1hfvrhi2m4fqrd3kcs/1589979218750/W4OmQKK1YzLkky7Ks6tUSHrwa0mUlkCc/02970851987269868253/5AF2TALrudM8201HT3cPMv-vPpAvoRi7QsK4J798jeybGkDneCzXFiNV6h_RhRNRnO8Q7--_sMCWBUavXltxCNvQpcbjkpfh1RiuUkP-NSIqPmOTUdG67iN9tzgvY-p_NIuXNL7tAbNyX05cGavYE6hRDJzSctC_7ziSb8UNa3VlGEXXfa9kSvbRz92mn-OJnKkUgFWRMAjxL6yYXqbDpyg4CJlZ-ZYlK6_SEaQ81xN1mo7PZqssFhRExZdS83cVsLqwUl_o7SQaI4Jjl9aIN3xEsZa4vwl6lRA?session=1&fife,gx_media_links,-103.365264892578,20.7648811340332,0
TORTILLERIA,"<img src=""https://doc-0k-as-mymaps.googleusercontent.com/untrusted/hostedimage/p2va6jf2mqks9bigu2itbc1ma4/3r9lorr8q1lrkqfmevducij2jc/1589979218750/W4OmQKK1YzLkky7Ks6tUSHrwa0mUlkCc/02970851987269868253/5AF2TALqfA_ZIqMZ1sB1Tre6dpufZ6caSUr7RI9Hva5eSZ9fXLQLLRbOf1B9SU5iE5v27XBXNAJ-bf44tLN1we-wMOybpFQciDtwnsXyU_HNw0GyD1JdtEyocJbhOso7DIxt-UDiQVG2HOX4_-6Y8dBVNQ3W7aOF_1kvI3CVyx6t87_aPxwoPLK0eYkpf_WrMJ0767tmihAnaiN-TT7SBWWbP92TL2zC-_NEgOL2UU1BsWlqyFhMFh1zkBmMOdOnl2xHy5zfZxJPZi1wuJVtJgJ01P5nOUgnRWQ?session=1&fife"" height=""200"" width=""auto"" /><br><br>",#icon-1899-DB4436,https://doc-0k-as-mymaps.googleusercontent.com/untrusted/hostedimage/p2va6jf2mqks9bigu2itbc1ma4/3r9lorr8q1lrkqfmevducij2jc/1589979218750/W4OmQKK1YzLkky7Ks6tUSHrwa0mUlkCc/02970851987269868253/5AF2TALqfA_ZIqMZ1sB1Tre6dpufZ6caSUr7RI9Hva5eSZ9fXLQLLRbOf1B9SU5iE5v27XBXNAJ-bf44tLN1we-wMOybpFQciDtwnsXyU_HNw0GyD1JdtEyocJbhOso7DIxt-UDiQVG2HOX4_-6Y8dBVNQ3W7aOF_1kvI3CVyx6t87_aPxwoPLK0eYkpf_WrMJ0767tmihAnaiN-TT7SBWWbP92TL2zC-_NEgOL2UU1BsWlqyFhMFh1zkBmMOdOnl2xHy5zfZxJPZi1wuJVtJgJ01P5nOUgnRWQ?session=1&fife,gx_media_links,-103.365882873535,20.7639312744141,0
Eucalipto 2647,"<img src=""https://doc-0o-as-mymaps.googleusercontent.com/untrusted/hostedimage/p2va6jf2mqks9bigu2itbc1ma4/lpt27k7e6jkrb94bialcsrq7qo/1589979218750/W4OmQKK1YzLkky7Ks6tUSHrwa0mUlkCc/02970851987269868253/5AF2TALorK4OkS6e9kffwsJwiOea9DZCYSrk2S08S1ipj2HGPIt7WGkO-PJ6HgBsRZ7wPsJSBj9jfVcFKlracVZcPjhBzOufu6xbLMAeTQBgpUTX-o9UGEh0j6uJPaTpW8EOu8df6sfgg5sIQnQNNGtj5Yjy0N-yiBeybsHTdUNlECUfjootdb0M-pPbMBbdgUrDC7ALmY7LnzdEEhRbrUsZxXQ-LwtlISP2IW12b60rBHguBbxrNbCL4aqnSgRxkiLWkShkURjSBc5XiN4IfbxoV1tlNctMkBQ?session=1&fife"" height=""200"" width=""auto"" /><br><br>",#icon-1899-DB4436,https://doc-0o-as-mymaps.googleusercontent.com/untrusted/hostedimage/p2va6jf2mqks9bigu2itbc1ma4/lpt27k7e6jkrb94bialcsrq7qo/1589979218750/W4OmQKK1YzLkky7Ks6tUSHrwa0mUlkCc/02970851987269868253/5AF2TALorK4OkS6e9kffwsJwiOea9DZCYSrk2S08S1ipj2HGPIt7WGkO-PJ6HgBsRZ7wPsJSBj9jfVcFKlracVZcPjhBzOufu6xbLMAeTQBgpUTX-o9UGEh0j6uJPaTpW8EOu8df6sfgg5sIQnQNNGtj5Yjy0N-yiBeybsHTdUNlECUfjootdb0M-pPbMBbdgUrDC7ALmY7LnzdEEhRbrUsZxXQ-LwtlISP2IW12b60rBHguBbxrNbCL4aqnSgRxkiLWkShkURjSBc5XiN4IfbxoV1tlNctMkBQ?session=1&fife,gx_media_links,-103.365951538086,20.7638492584229,0
Caoba 31,"<img src=""https://doc-08-as-mymaps.googleusercontent.com/untrusted/hostedimage/p2va6jf2mqks9bigu2itbc1ma4/s0fe0iufj7au26grgj6bb7skak/1589979218750/W4OmQKK1YzLkky7Ks6tUSHrwa0mUlkCc/02970851987269868253/5AF2TALpXVbqGMWp-w2gzN2iQZOO_Go5PXr68APNpFQjA4xGz657NXJkv306ee4MpyW5vI18o9KLO5UA2hARelelAOS8xcoR9FZA2ibYxG7XwBpRiqCmrlD_OvLrgDTzA4C1WIeBELPDgXI45WBXwHbpBy_0PKdxrAQAB7lZCfzP8CtklHnFll7wKkwKoosjlaQMxQNZn7A9DjJeoTEvL4kurvqrInTiV8IurS5mVdYJgYyMuPRd0NL9nEl7LUCOHxMLZM9AJN0FqXo7GriwLGopzwLWR-HgRHA?session=1&fife"" height=""200"" width=""auto"" /><br><br>",#icon-1899-DB4436,https://doc-08-as-mymaps.googleusercontent.com/untrusted/hostedimage/p2va6jf2mqks9bigu2itbc1ma4/s0fe0iufj7au26grgj6bb7skak/1589979218750/W4OmQKK1YzLkky7Ks6tUSHrwa0mUlkCc/02970851987269868253/5AF2TALpXVbqGMWp-w2gzN2iQZOO_Go5PXr68APNpFQjA4xGz657NXJkv306ee4MpyW5vI18o9KLO5UA2hARelelAOS8xcoR9FZA2ibYxG7XwBpRiqCmrlD_OvLrgDTzA4C1WIeBELPDgXI45WBXwHbpBy_0PKdxrAQAB7lZCfzP8CtklHnFll7wKkwKoosjlaQMxQNZn7A9DjJeoTEvL4kurvqrInTiV8IurS5mVdYJgYyMuPRd0NL9nEl7LUCOHxMLZM9AJN0FqXo7GriwLGopzwLWR-HgRHA?session=1&fife,gx_media_links,-103.363441467285,20.7589130401611,0
San Juan 7,"<img src=""https://doc-10-as-mymaps.googleusercontent.com/untrusted/hostedimage/p2va6jf2mqks9bigu2itbc1ma4/vdear7irmf60cflsfkds048k4o/1589979218750/W4OmQKK1YzLkky7Ks6tUSHrwa0mUlkCc/02970851987269868253/5AF2TALoXXrF0LH8aW3JLKhuB3X_5YYHNl6jNrAzXiz6X2spggqak9RYHk5zHEE6IRXCXq-veZUl0nIH06u5T8_wsX44ywIN1VbWabeUo94yX_5BdJQt63gmdlOotrtVqPzzjXtkactnAlzuCV0of6K1z9MQTWE4hd4fzdppTpcBoJukrEUdrtiDYafrzKdtS5LyObp4MNvd2QZ8nmhubFB2eUU9xOsvcw4NS2K4XRndzyUzRKeXQ25hou7ChVuLiCgUDs3Xsmt9Hok_C1elbg_sgPOZ7KGmlIQ?session=1&fife"" height=""200"" width=""auto"" /><br><br>",#icon-1899-DB4436,https://doc-10-as-mymaps.googleusercontent.com/untrusted/hostedimage/p2va6jf2mqks9bigu2itbc1ma4/vdear7irmf60cflsfkds048k4o/1589979218750/W4OmQKK1YzLkky7Ks6tUSHrwa0mUlkCc/02970851987269868253/5AF2TALoXXrF0LH8aW3JLKhuB3X_5YYHNl6jNrAzXiz6X2spggqak9RYHk5zHEE6IRXCXq-veZUl0nIH06u5T8_wsX44ywIN1VbWabeUo94yX_5BdJQt63gmdlOotrtVqPzzjXtkactnAlzuCV0of6K1z9MQTWE4hd4fzdppTpcBoJukrEUdrtiDYafrzKdtS5LyObp4MNvd2QZ8nmhubFB2eUU9xOsvcw4NS2K4XRndzyUzRKeXQ25hou7ChVuLiCgUDs3Xsmt9Hok_C1elbg_sgPOZ7KGmlIQ?session=1&fife,gx_media_links,-103.364295959473,20.7685165405273,0
Farmacias DG,"<img src=""https://doc-0s-as-mymaps.googleusercontent.com/untrusted/hostedimage/p2va6jf2mqks9bigu2itbc1ma4/lne81e7rn216g81q0mffo57tm4/1589979218750/W4OmQKK1YzLkky7Ks6tUSHrwa0mUlkCc/02970851987269868253/5AF2TALqM-23J6xXL02j707YL18HQb_rU6LKElGlXa52rTNm0i1IHfPnKyt9rRECrPoAiNNjwSRpR1MM1l1jg7qDNc-lHgXtO_JDwIUUuj3C7ZcmQvf6pcR4jIDiEkC_i8Yy3u3wI1LUdi70P4XmRj53XTmmm2dcqkYcXddfzOHmLZZn61DjE663GigoZqdtkshW1WuxxbynxpQXybHtaY3PC0YW5SZAoET4KTT_NT5Vi2WvXaK1p5K7orYxHEE19BTUqWT3t6kbc6cYE91gDGYtngJQaprIUHg?session=1&fife"" height=""200"" width=""auto"" /><br><br><br><br><img src=""https://doc-0s-as-mymaps.googleusercontent.com/untrusted/hostedimage/p2va6jf2mqks9bigu2itbc1ma4/6qbt89575a0bpln5of7af14f18/1589979218750/W4OmQKK1YzLkky7Ks6tUSHrwa0mUlkCc/02970851987269868253/5AF2TALoh7pYoiwAKrAA-cFKDMwJRjXQCZDkv1GV5xxWu9X0ir-UZ-JHfvd8NaYKaVgcbBjLl-CfCVI6XB1uIWGcrJcI_TFs5PExrzDVGVQVKnU5IGcaUt3V_Tjz2ry0WZJ9jOSM3gZ0As2kP2zKJ_ghi0p0d5lecq0m5OBYL-TI-i82bdJwe4k-COm6jpJMRN75TY6SnBK9puXCPQ0IPzY0R_r8I5ck3Na5w3cxpGKyRye40k2zco-HndwKG1jTwGaWn7ZkLQ-kNNhv4ZJCXqgfjToMKjnDdwQ?session=1&fife"" height=""200"" width=""auto"" />",#icon-1899-DB4436,https://doc-0s-as-mymaps.googleusercontent.com/untrusted/hostedimage/p2va6jf2mqks9bigu2itbc1ma4/lne81e7rn216g81q0mffo57tm4/1589979218750/W4OmQKK1YzLkky7Ks6tUSHrwa0mUlkCc/02970851987269868253/5AF2TALqM-23J6xXL02j707YL18HQb_rU6LKElGlXa52rTNm0i1IHfPnKyt9rRECrPoAiNNjwSRpR1MM1l1jg7qDNc-lHgXtO_JDwIUUuj3C7ZcmQvf6pcR4jIDiEkC_i8Yy3u3wI1LUdi70P4XmRj53XTmmm2dcqkYcXddfzOHmLZZn61DjE663GigoZqdtkshW1WuxxbynxpQXybHtaY3PC0YW5SZAoET4KTT_NT5Vi2WvXaK1p5K7orYxHEE19BTUqWT3t6kbc6cYE91gDGYtngJQaprIUHg?session=1&fife https://doc-0s-as-mymaps.googleusercontent.com/untrusted/hostedimage/p2va6jf2mqks9bigu2itbc1ma4/6qbt89575a0bpln5of7af14f18/1589979218750/W4OmQKK1YzLkky7Ks6tUSHrwa0mUlkCc/02970851987269868253/5AF2TALoh7pYoiwAKrAA-cFKDMwJRjXQCZDkv1GV5xxWu9X0ir-UZ-JHfvd8NaYKaVgcbBjLl-CfCVI6XB1uIWGcrJcI_TFs5PExrzDVGVQVKnU5IGcaUt3V_Tjz2ry0WZJ9jOSM3gZ0As2kP2zKJ_ghi0p0d5lecq0m5OBYL-TI-i82bdJwe4k-COm6jpJMRN75TY6SnBK9puXCPQ0IPzY0R_r8I5ck3Na5w3cxpGKyRye40k2zco-HndwKG1jTwGaWn7ZkLQ-kNNhv4ZJCXqgfjToMKjnDdwQ?session=1&fife,gx_media_links,-103.365692138672,20.7639675140381,0
Eucalipto 8A,"<img src=""https://doc-14-as-mymaps.googleusercontent.com/untrusted/hostedimage/p2va6jf2mqks9bigu2itbc1ma4/n8diu6lafk59em55s0jv73ur78/1589979218750/W4OmQKK1YzLkky7Ks6tUSHrwa0mUlkCc/02970851987269868253/5AF2TALrOQhyad8qU3QKBGvtVD3KnXV0aTjcZxggkOU8fpAF6yBX9Q9FzrU2q5uenN673rR-ec2-rbMLv99nkY4-TMUIqJ83zG3TTmkQpTg8xRfz8gOOJiP4LloBNdyoNeCw9BvzZiW7ha0DP7Urs1sn1fDAG7esJsT2CDfbmoA4ImRhxrxrmd9HFfi5STDCo5Fe8lHEBkFZuO3rdV-ddvYy4VG2_Itz1qrXMzaSc-7H3AEpXxoo7rqHC5HTS--vxJK1lWZ3BSaS-KBT38ENt6Mu-qXKMEAULjQ?session=1&fife"" height=""200"" width=""auto"" /><br><br>",#icon-1899-DB4436,https://doc-14-as-mymaps.googleusercontent.com/untrusted/hostedimage/p2va6jf2mqks9bigu2itbc1ma4/n8diu6lafk59em55s0jv73ur78/1589979218750/W4OmQKK1YzLkky7Ks6tUSHrwa0mUlkCc/02970851987269868253/5AF2TALrOQhyad8qU3QKBGvtVD3KnXV0aTjcZxggkOU8fpAF6yBX9Q9FzrU2q5uenN673rR-ec2-rbMLv99nkY4-TMUIqJ83zG3TTmkQpTg8xRfz8gOOJiP4LloBNdyoNeCw9BvzZiW7ha0DP7Urs1sn1fDAG7esJsT2CDfbmoA4ImRhxrxrmd9HFfi5STDCo5Fe8lHEBkFZuO3rdV-ddvYy4VG2_Itz1qrXMzaSc-7H3AEpXxoo7rqHC5HTS--vxJK1lWZ3BSaS-KBT38ENt6Mu-qXKMEAULjQ?session=1&fife,gx_media_links,-103.365715026855,20.763858795166,0
Cipres 5,"<img src=""https://doc-0g-as-mymaps.googleusercontent.com/untrusted/hostedimage/p2va6jf2mqks9bigu2itbc1ma4/u1d7bqgloj9aqo00pgs6ojfqmo/1589979218750/W4OmQKK1YzLkky7Ks6tUSHrwa0mUlkCc/02970851987269868253/5AF2TALqrUrp_f_GEd6iwkA32-eaNW6djoceucEz9UEGH4n0UsC4IymWdumnwYPSx8wKV7J1ERBVQw-NVRlIX85M6T_QKURWOZmWJi2ZF1BKLfrzdlodtuzfvKqz_9k7QotsTuvYSdV9JyIr30BQRDuufogn0js40qvfn9XBxquJYB5eoE1rn82AUL28I1Y0idMDjl2I6Iyt1NnCkJKvGiiN7qq11skwJHveEyJApUGh6dHwBcMNk2HWMGAaVuH-jsVukLu2AtOotbZDmrwgp5xqZ0hL6TpPtpA?session=1&fife"" height=""200"" width=""auto"" /><br><br>",#icon-1899-DB4436,https://doc-0g-as-mymaps.googleusercontent.com/untrusted/hostedimage/p2va6jf2mqks9bigu2itbc1ma4/u1d7bqgloj9aqo00pgs6ojfqmo/1589979218750/W4OmQKK1YzLkky7Ks6tUSHrwa0mUlkCc/02970851987269868253/5AF2TALqrUrp_f_GEd6iwkA32-eaNW6djoceucEz9UEGH4n0UsC4IymWdumnwYPSx8wKV7J1ERBVQw-NVRlIX85M6T_QKURWOZmWJi2ZF1BKLfrzdlodtuzfvKqz_9k7QotsTuvYSdV9JyIr30BQRDuufogn0js40qvfn9XBxquJYB5eoE1rn82AUL28I1Y0idMDjl2I6Iyt1NnCkJKvGiiN7qq11skwJHveEyJApUGh6dHwBcMNk2HWMGAaVuH-jsVukLu2AtOotbZDmrwgp5xqZ0hL6TpPtpA?session=1&fife,gx_media_links,-103.365226745605,20.7633953094482,0
Eucalipto 8A,"<img src=""https://doc-08-as-mymaps.googleusercontent.com/untrusted/hostedimage/p2va6jf2mqks9bigu2itbc1ma4/54okr80b12tbbt5q77mc3c9898/1589979218750/W4OmQKK1YzLkky7Ks6tUSHrwa0mUlkCc/02970851987269868253/5AF2TALpTFzxz2IK3KQiLLbRO2TMjA_yvKOcRaZCQpZVInIqeMnSF_deCBDv56dRffEWSlb4e3ltZ3gqY_mgw7g0InYaUTgfVHbCNfCm6wfMiBSOjb7gnhrM5qE3BafMY79SCyEFyL1JdOy4MgYrnyX79yQ7o8ySfTliLvu68CpJkUmoRZRHFtk9JVrpazQvCnyEE_KaQ4W-lxvkhzypvjAIAtMe97mGrWAfRQg3WUSXIyCA34PRWu91xLgakZi_wpOsC6NIxCZ89WqlcGcP2X1QxSjzZIZcJBw?session=1&fife"" height=""200"" width=""auto"" /><br><br>",#icon-1899-DB4436,https://doc-08-as-mymaps.googleusercontent.com/untrusted/hostedimage/p2va6jf2mqks9bigu2itbc1ma4/54okr80b12tbbt5q77mc3c9898/1589979218750/W4OmQKK1YzLkky7Ks6tUSHrwa0mUlkCc/02970851987269868253/5AF2TALpTFzxz2IK3KQiLLbRO2TMjA_yvKOcRaZCQpZVInIqeMnSF_deCBDv56dRffEWSlb4e3ltZ3gqY_mgw7g0InYaUTgfVHbCNfCm6wfMiBSOjb7gnhrM5qE3BafMY79SCyEFyL1JdOy4MgYrnyX79yQ7o8ySfTliLvu68CpJkUmoRZRHFtk9JVrpazQvCnyEE_KaQ4W-lxvkhzypvjAIAtMe97mGrWAfRQg3WUSXIyCA34PRWu91xLgakZi_wpOsC6NIxCZ89WqlcGcP2X1QxSjzZIZcJBw?session=1&fife,gx_media_links,-103.365699768066,20.7638664245605,0
Farmacias DG,"<img src=""https://doc-00-as-mymaps.googleusercontent.com/untrusted/hostedimage/p2va6jf2mqks9bigu2itbc1ma4/lh1tj16t80rg5opgftje4a329g/1589979218750/W4OmQKK1YzLkky7Ks6tUSHrwa0mUlkCc/02970851987269868253/5AF2TALpkPdoEBi1yLeO4KQhQacu1sIJnrZeFHIhgdRHkpG8SjjSCAm3AmDoHtHo9kSlZ_9tBe9VTo8sPP6LnhHrwtuVbTWu1KtXl33cKSLVIP-DwUf1UUKmihfPM0CZdDwbsFRYZb6d5rSZey_nEgFL8up-ZY1_5H1mWqs_A5qo8qOmog8-MjFISsh1XBtv0kTFNA5ueNuy6WSfcltt9_CK5hMxcr_lblG6TcBPjDmJHZqg9DKuVN2nUUCE8-b42KqzmEDyrv9T7oXe7GuQsGCObDP6VDVf59w?session=1&fife"" height=""200"" width=""auto"" /><br><br>",#icon-1899-DB4436,https://doc-00-as-mymaps.googleusercontent.com/untrusted/hostedimage/p2va6jf2mqks9bigu2itbc1ma4/lh1tj16t80rg5opgftje4a329g/1589979218750/W4OmQKK1YzLkky7Ks6tUSHrwa0mUlkCc/02970851987269868253/5AF2TALpkPdoEBi1yLeO4KQhQacu1sIJnrZeFHIhgdRHkpG8SjjSCAm3AmDoHtHo9kSlZ_9tBe9VTo8sPP6LnhHrwtuVbTWu1KtXl33cKSLVIP-DwUf1UUKmihfPM0CZdDwbsFRYZb6d5rSZey_nEgFL8up-ZY1_5H1mWqs_A5qo8qOmog8-MjFISsh1XBtv0kTFNA5ueNuy6WSfcltt9_CK5hMxcr_lblG6TcBPjDmJHZqg9DKuVN2nUUCE8-b42KqzmEDyrv9T7oXe7GuQsGCObDP6VDVf59w?session=1&fife,gx_media_links,-103.365623474121,20.76393699646,0
Camino a la Mesa 230A,"<img src=""https://doc-0k-as-mymaps.googleusercontent.com/untrusted/hostedimage/p2va6jf2mqks9bigu2itbc1ma4/e8a7i2anrfl3q4gb3nng5n4mfc/1589979218750/W4OmQKK1YzLkky7Ks6tUSHrwa0mUlkCc/02970851987269868253/5AF2TALoGVK1HDnUctHDk99smDa0muuEwa4LZC1aNLCcM7Xv9IKsiHA_l7c5oyv-FF1sU7WYyoRBoaF_2-7S_IRKONj39EbR-xNHcEEzZsyUqb3w4u8WefRY_jDcg2A04OlxpTfybNW-lobZV658V9dVBltjD5sBDoVeq4afzdaEpNPgsTncFpxEdan-PWtHf2U4HWZv8VKminO9x0-iOBQuRQbMvYdli2ibHv7YcllIpCToh-cdV7GAXZYb3SjXW8ucWdy8n0BMw-iTHPZN4rasgvQPdppd8UQ?session=1&fife"" height=""200"" width=""auto"" /><br><br>",#icon-1899-DB4436,https://doc-0k-as-mymaps.googleusercontent.com/untrusted/hostedimage/p2va6jf2mqks9bigu2itbc1ma4/e8a7i2anrfl3q4gb3nng5n4mfc/1589979218750/W4OmQKK1YzLkky7Ks6tUSHrwa0mUlkCc/02970851987269868253/5AF2TALoGVK1HDnUctHDk99smDa0muuEwa4LZC1aNLCcM7Xv9IKsiHA_l7c5oyv-FF1sU7WYyoRBoaF_2-7S_IRKONj39EbR-xNHcEEzZsyUqb3w4u8WefRY_jDcg2A04OlxpTfybNW-lobZV658V9dVBltjD5sBDoVeq4afzdaEpNPgsTncFpxEdan-PWtHf2U4HWZv8VKminO9x0-iOBQuRQbMvYdli2ibHv7YcllIpCToh-cdV7GAXZYb3SjXW8ucWdy8n0BMw-iTHPZN4rasgvQPdppd8UQ?session=1&fife,gx_media_links,-103.365417480469,20.7639827728271,0
Farmacias DG,"<img src=""https://doc-0c-as-mymaps.googleusercontent.com/untrusted/hostedimage/p2va6jf2mqks9bigu2itbc1ma4/rpt7cirdlcu8bp282arkv56t4c/1589979218750/W4OmQKK1YzLkky7Ks6tUSHrwa0mUlkCc/02970851987269868253/5AF2TALqEP8aKP_vaID-8pYqKkkeCXlfwlDpOC33L3hQ30XuploVDT56Qhl46wf3M9cXvvCfnpfLm0EiSbfAE881iNbUvwEVIoWk2fgS942IXcbttVNVuNUA5cKCd7YG_xWHyLANFpN_jpewkMfp4kh1epQ2MtipseKaCK6aDKkxWuGdP3KylYp8n5USudX_1dTl8uk0gNJda87XGIH42XyAG0j4y2iYRJPshgwMdpkmQCKc2F5eOWLfUTXWQ-yGj46R1d8m355HK52jYqDBHNzf-HF7sWxSzyg?session=1&fife"" height=""200"" width=""auto"" /><br><br>",#icon-1899-DB4436,https://doc-0c-as-mymaps.googleusercontent.com/untrusted/hostedimage/p2va6jf2mqks9bigu2itbc1ma4/rpt7cirdlcu8bp282arkv56t4c/1589979218750/W4OmQKK1YzLkky7Ks6tUSHrwa0mUlkCc/02970851987269868253/5AF2TALqEP8aKP_vaID-8pYqKkkeCXlfwlDpOC33L3hQ30XuploVDT56Qhl46wf3M9cXvvCfnpfLm0EiSbfAE881iNbUvwEVIoWk2fgS942IXcbttVNVuNUA5cKCd7YG_xWHyLANFpN_jpewkMfp4kh1epQ2MtipseKaCK6aDKkxWuGdP3KylYp8n5USudX_1dTl8uk0gNJda87XGIH42XyAG0j4y2iYRJPshgwMdpkmQCKc2F5eOWLfUTXWQ-yGj46R1d8m355HK52jYqDBHNzf-HF7sWxSzyg?session=1&fife,gx_media_links,-103.365631103516,20.7639465332031,0
Camino a la Mesa 230A,"<img src=""https://doc-0o-as-mymaps.googleusercontent.com/untrusted/hostedimage/p2va6jf2mqks9bigu2itbc1ma4/2a8abj8sa58irdm6ua2a09voi0/1589979218750/W4OmQKK1YzLkky7Ks6tUSHrwa0mUlkCc/02970851987269868253/5AF2TALpRjQCrrzY04w9Oot1Y3hnQb165PnYPitRoQN6W4Qc3c9ASnYhJA5Uwe7I3tvAvr5wOzpvo9hglhG_aQMLk_SCjUCAFUPopB32QUUmor_IxW1Ao6O_JN7lHj1uJoGopDqDMjYzQNCykys2DbCVeLp12Cow00f8gow9dFi4Rs67v8L8KPIoN94aj79ntEQkmG_HGdWAJnq6jPFIPGyrZ6nshtluXcPYGoCLdPnsPtsgvvhzoEizE0gpGl1xXbqCoIvYIIKqygKX1O4AY6u0QWM73eZluMw?session=1&fife"" height=""200"" width=""auto"" /><br><br>",#icon-1899-DB4436,https://doc-0o-as-mymaps.googleusercontent.com/untrusted/hostedimage/p2va6jf2mqks9bigu2itbc1ma4/2a8abj8sa58irdm6ua2a09voi0/1589979218750/W4OmQKK1YzLkky7Ks6tUSHrwa0mUlkCc/02970851987269868253/5AF2TALpRjQCrrzY04w9Oot1Y3hnQb165PnYPitRoQN6W4Qc3c9ASnYhJA5Uwe7I3tvAvr5wOzpvo9hglhG_aQMLk_SCjUCAFUPopB32QUUmor_IxW1Ao6O_JN7lHj1uJoGopDqDMjYzQNCykys2DbCVeLp12Cow00f8gow9dFi4Rs67v8L8KPIoN94aj79ntEQkmG_HGdWAJnq6jPFIPGyrZ6nshtluXcPYGoCLdPnsPtsgvvhzoEizE0gpGl1xXbqCoIvYIIKqygKX1O4AY6u0QWM73eZluMw?session=1&fife,gx_media_links,-103.365547180176,20.7639331817627,0
Eucalipto 2623C,"<img src=""https://doc-14-as-mymaps.googleusercontent.com/untrusted/hostedimage/p2va6jf2mqks9bigu2itbc1ma4/a3p9607vr5n01m9950vhrl7rss/1589979218750/W4OmQKK1YzLkky7Ks6tUSHrwa0mUlkCc/02970851987269868253/5AF2TALqqbvct2Zi_IcRz6lz9eTz184Sb8Om8WNkZ09Q1f6oxkZ--Mc4NB6j6EXADJixNM64X_bxZK-9Kp0PE8v5LZtRzNeXmWoMMNjEBRV9bnmNZgQfAJWJjaeCc2s1Cq-efyLe9JNq-zrUxMmKL1UrB-dpTq9l0BQLY1nIFw-G5OAVFckC59KgEVnW-9xRW-RGWkRh6PfzAxNniRy-EYMgNo-tXLC8J_aUavL9D0G5LzNhTR5-ya0q0KZlZuWIeshxCOht4J6C9BhU_UevSywd4-VVBmMQt2g?session=1&fife"" height=""200"" width=""auto"" /><br><br>",#icon-1899-DB4436,https://doc-14-as-mymaps.googleusercontent.com/untrusted/hostedimage/p2va6jf2mqks9bigu2itbc1ma4/a3p9607vr5n01m9950vhrl7rss/1589979218750/W4OmQKK1YzLkky7Ks6tUSHrwa0mUlkCc/02970851987269868253/5AF2TALqqbvct2Zi_IcRz6lz9eTz184Sb8Om8WNkZ09Q1f6oxkZ--Mc4NB6j6EXADJixNM64X_bxZK-9Kp0PE8v5LZtRzNeXmWoMMNjEBRV9bnmNZgQfAJWJjaeCc2s1Cq-efyLe9JNq-zrUxMmKL1UrB-dpTq9l0BQLY1nIFw-G5OAVFckC59KgEVnW-9xRW-RGWkRh6PfzAxNniRy-EYMgNo-tXLC8J_aUavL9D0G5LzNhTR5-ya0q0KZlZuWIeshxCOht4J6C9BhU_UevSywd4-VVBmMQt2g?session=1&fife,gx_media_links,-103.366218566895,20.7637157440186,0
San Miguel 93,"<img src=""https://doc-04-as-mymaps.googleusercontent.com/untrusted/hostedimage/p2va6jf2mqks9bigu2itbc1ma4/v05hm72cp00mgtf9v6i8vq3vb8/1589979218750/W4OmQKK1YzLkky7Ks6tUSHrwa0mUlkCc/02970851987269868253/5AF2TALop4_K6P-gWMe0s87WD_SajM4EKv7_BdAzzQSk-2fhQVBhcNhMhg8pOBhv7a9rlL7OrMllRqoZWH7nmF-JP8R-Hv4JXFN4OpwarJxlJih-UmD2sW9gpTcGXJI-wcDjMNYjdbxhQzwjo_Q7_PpklwkDFfIQ06d5V-vKfqTMPdu3wstUBaN_vpGTpLI15KVNIaX3OayW7jatAY50-_84xQ8yo3-Jsj-vNB1BV4zjPRFmxnbSs2jQd1bna0YRIkQo1q5sSo9v8cbClh3gI_Q28K8nWgBCKlA?session=1&fife"" height=""200"" width=""auto"" /><br><br><br><br><img src=""https://doc-10-as-mymaps.googleusercontent.com/untrusted/hostedimage/p2va6jf2mqks9bigu2itbc1ma4/noeqfkff9onrre3pnuqv3k4798/1589979218750/W4OmQKK1YzLkky7Ks6tUSHrwa0mUlkCc/02970851987269868253/5AF2TALq6xfG0dsMORSOBGfsWhygBLm8fQTHGS5BJPrU-aHjc2HbMRYm1QlhnYH-nrrTlbQikc-_B1aOBoB7AeJaw6FVTjlwKe1IBMC_Eg_AwDOv44b3EkycXYIdNAoeH2InCG78GkppVMPErAnaHoSTallq4sEoI-TzXPU9zQKHx-TGQaUWBGHDwoykmFtzGZkdC9UxqgLXllhi9zGBVv2fEyZNLDerwN8fd3fnWO8LKj2Tl2iTnIoIp3tglFGXlG6N8_LTEAXxuLvYjE31S53hxSDYTuxDEWw?session=1&fife"" height=""200"" width=""auto"" />",#icon-1899-DB4436,https://doc-04-as-mymaps.googleusercontent.com/untrusted/hostedimage/p2va6jf2mqks9bigu2itbc1ma4/v05hm72cp00mgtf9v6i8vq3vb8/1589979218750/W4OmQKK1YzLkky7Ks6tUSHrwa0mUlkCc/02970851987269868253/5AF2TALop4_K6P-gWMe0s87WD_SajM4EKv7_BdAzzQSk-2fhQVBhcNhMhg8pOBhv7a9rlL7OrMllRqoZWH7nmF-JP8R-Hv4JXFN4OpwarJxlJih-UmD2sW9gpTcGXJI-wcDjMNYjdbxhQzwjo_Q7_PpklwkDFfIQ06d5V-vKfqTMPdu3wstUBaN_vpGTpLI15KVNIaX3OayW7jatAY50-_84xQ8yo3-Jsj-vNB1BV4zjPRFmxnbSs2jQd1bna0YRIkQo1q5sSo9v8cbClh3gI_Q28K8nWgBCKlA?session=1&fife https://doc-10-as-mymaps.googleusercontent.com/untrusted/hostedimage/p2va6jf2mqks9bigu2itbc1ma4/noeqfkff9onrre3pnuqv3k4798/1589979218750/W4OmQKK1YzLkky7Ks6tUSHrwa0mUlkCc/02970851987269868253/5AF2TALq6xfG0dsMORSOBGfsWhygBLm8fQTHGS5BJPrU-aHjc2HbMRYm1QlhnYH-nrrTlbQikc-_B1aOBoB7AeJaw6FVTjlwKe1IBMC_Eg_AwDOv44b3EkycXYIdNAoeH2InCG78GkppVMPErAnaHoSTallq4sEoI-TzXPU9zQKHx-TGQaUWBGHDwoykmFtzGZkdC9UxqgLXllhi9zGBVv2fEyZNLDerwN8fd3fnWO8LKj2Tl2iTnIoIp3tglFGXlG6N8_LTEAXxuLvYjE31S53hxSDYTuxDEWw?session=1&fife,gx_media_links,-103.365600585938,20.7643394470215,0
Eucalipto 63,"<img src=""https://doc-0k-as-mymaps.googleusercontent.com/untrusted/hostedimage/p2va6jf2mqks9bigu2itbc1ma4/3b9h5uikier7ph1hkig0nda1a8/1589979218750/W4OmQKK1YzLkky7Ks6tUSHrwa0mUlkCc/02970851987269868253/5AF2TALoFYIililxwjIpBb0Ew87njQqcWVmDuMjh8WwKEdEChojL77v4yVIwj7qwYslifvtn-JYvu_HrZFiPReePPdELiGjWG7uMsVbDPFv3AIkk5tI1FH9eJfgL8s5Ij3cWYspHhez8rLTbeOSEWv0X-3R44NU8lRxzEmigUGDyGrjPvu-EUnMV5gtwUMvI-XgymlFUE637gXOT5Rf8a5PvAH99g4-0w4S5Cz1tWEQhcTCxbmDKVQHlWmrUChrkWxz_8WZLvvtpIH5YE55D-P7YxUY_pKURJpA?session=1&fife"" height=""200"" width=""auto"" /><br><br>",#icon-1899-DB4436,https://doc-0k-as-mymaps.googleusercontent.com/untrusted/hostedimage/p2va6jf2mqks9bigu2itbc1ma4/3b9h5uikier7ph1hkig0nda1a8/1589979218750/W4OmQKK1YzLkky7Ks6tUSHrwa0mUlkCc/02970851987269868253/5AF2TALoFYIililxwjIpBb0Ew87njQqcWVmDuMjh8WwKEdEChojL77v4yVIwj7qwYslifvtn-JYvu_HrZFiPReePPdELiGjWG7uMsVbDPFv3AIkk5tI1FH9eJfgL8s5Ij3cWYspHhez8rLTbeOSEWv0X-3R44NU8lRxzEmigUGDyGrjPvu-EUnMV5gtwUMvI-XgymlFUE637gXOT5Rf8a5PvAH99g4-0w4S5Cz1tWEQhcTCxbmDKVQHlWmrUChrkWxz_8WZLvvtpIH5YE55D-P7YxUY_pKURJpA?session=1&fife,gx_media_links,-103.365928649902,20.7638301849365,0
Eucalipto 2623C,"<img src=""https://doc-04-as-mymaps.googleusercontent.com/untrusted/hostedimage/p2va6jf2mqks9bigu2itbc1ma4/kl2l12t58em0atf5kgmj3shvrs/1589979218750/W4OmQKK1YzLkky7Ks6tUSHrwa0mUlkCc/02970851987269868253/5AF2TALrEW6KY5ixWcmnv3mXZrxpzXF34IlfwJ_MCxCXVVW4FjAaHNDjI2QeMo1PmsaVoi5dExGDgc3XAz9yrUn2KkzlxD4gL4Q0RoghXVmpBzaFat56xc9WjySgmt6jVxZOR0Enz4LvCMYpNTp5QVBcWzO4vHlCchSxapimaztGshm9YLqsq3Db_Cuhf9wIsKRkx-C6sg-X6sWOe5ncRreTCtXPGjNQg-2buG8GhypqR8yr113tDMvsirWONyCWeqpvougqT1aJTQkdkbvF-LuZsMVK7cfc9hg?session=1&fife"" height=""200"" width=""auto"" /><br><br>",#icon-1899-DB4436,https://doc-04-as-mymaps.googleusercontent.com/untrusted/hostedimage/p2va6jf2mqks9bigu2itbc1ma4/kl2l12t58em0atf5kgmj3shvrs/1589979218750/W4OmQKK1YzLkky7Ks6tUSHrwa0mUlkCc/02970851987269868253/5AF2TALrEW6KY5ixWcmnv3mXZrxpzXF34IlfwJ_MCxCXVVW4FjAaHNDjI2QeMo1PmsaVoi5dExGDgc3XAz9yrUn2KkzlxD4gL4Q0RoghXVmpBzaFat56xc9WjySgmt6jVxZOR0Enz4LvCMYpNTp5QVBcWzO4vHlCchSxapimaztGshm9YLqsq3Db_Cuhf9wIsKRkx-C6sg-X6sWOe5ncRreTCtXPGjNQg-2buG8GhypqR8yr113tDMvsirWONyCWeqpvougqT1aJTQkdkbvF-LuZsMVK7cfc9hg?session=1&fife,gx_media_links,-103.366203308105,20.7637214660645,0
Eucalipto 33A,"<img src=""https://doc-0k-as-mymaps.googleusercontent.com/untrusted/hostedimage/p2va6jf2mqks9bigu2itbc1ma4/nd0if35l3tfmkpd4g4rmdfv1io/1589979218750/W4OmQKK1YzLkky7Ks6tUSHrwa0mUlkCc/02970851987269868253/5AF2TALp_UeUjzNeqR86HPROno9Bde2gCJAKCy1lemksA2TmPX-hemmyRczB8ZJkxrc9wKNIO9w7dolSAdLcsYi_9ojMYot3sMpHBjc6Ieju2y3hs4yiDp8sTK2D3gYPBera2tgN0gJrOc5g_sCsNswD2u4eyTgEPLcDc_U_LOihySumkQTq5K1hjzUT25f9MpV37Sp0Hal-Vl1SXtIdZIBkoENxJX8x-iid--fj4xOSb7_xnmnH2p5tF0Ruanq8I80Xgcthdm49mOyrQpmu6o7Ea0FT1izM8Sg?session=1&fife"" height=""200"" width=""auto"" /><br><br>",#icon-1899-DB4436,https://doc-0k-as-mymaps.googleusercontent.com/untrusted/hostedimage/p2va6jf2mqks9bigu2itbc1ma4/nd0if35l3tfmkpd4g4rmdfv1io/1589979218750/W4OmQKK1YzLkky7Ks6tUSHrwa0mUlkCc/02970851987269868253/5AF2TALp_UeUjzNeqR86HPROno9Bde2gCJAKCy1lemksA2TmPX-hemmyRczB8ZJkxrc9wKNIO9w7dolSAdLcsYi_9ojMYot3sMpHBjc6Ieju2y3hs4yiDp8sTK2D3gYPBera2tgN0gJrOc5g_sCsNswD2u4eyTgEPLcDc_U_LOihySumkQTq5K1hjzUT25f9MpV37Sp0Hal-Vl1SXtIdZIBkoENxJX8x-iid--fj4xOSb7_xnmnH2p5tF0Ruanq8I80Xgcthdm49mOyrQpmu6o7Ea0FT1izM8Sg?session=1&fife,gx_media_links,-103.362579345703,20.7630424499512,0
Eucalipto 39,"<img src=""https://doc-00-as-mymaps.googleusercontent.com/untrusted/hostedimage/p2va6jf2mqks9bigu2itbc1ma4/pomo3ieknqgfqe1sggcekurirs/1589979218750/W4OmQKK1YzLkky7Ks6tUSHrwa0mUlkCc/02970851987269868253/5AF2TALpkdd9cfx0CaqEVG8eBSSsdcSIdEIpm41oYu3HQuOoUhyJkA8Y0h8lkvb3GJkLAJpdQBQ1T4g3-ISPkgC_4veAnPfYmZDVnSHioM9h7gQvmMMGpGhMEJ038YT__7ZG6v_2IyCeU2h-ab-GpiUBYt5uZ1RmGbr4Hpa4icoUaCQu4wNZeivl4aVaM1-y8Ji9n19AM_Ri0OPyq3exP12Lr_AJE8kxPJxbdSjXQ7yI2-a_htSneGti2kxLgUj1ilg0O9ob89EtpPEMLn9od2MGOQfemQ8dLvw?session=1&fife"" height=""200"" width=""auto"" /><br><br><br><br><img src=""https://doc-08-as-mymaps.googleusercontent.com/untrusted/hostedimage/p2va6jf2mqks9bigu2itbc1ma4/c1ekkcqnofpmg0avroc35fds8c/1589979218750/W4OmQKK1YzLkky7Ks6tUSHrwa0mUlkCc/02970851987269868253/5AF2TALodm5soiKO-EAhVfXsLE6XtMx_0NyHy-Tsrx5NlWaxDDucQwRaig0X8Ix8fGiT2haAEuk8Yi17nDaFdBvtNCLmNlQENWhSo9hbO6WoiawsyrLzqaGch-fpHjJXyXfo9ejN8owV2047kgRZpcFaQgr2VnBnleotlxe6H_hWzVhQGaFocc6NmJ7ELm4smq3IueQfFjoPLT8LIjVVWu-3JNWvotAe6hE54bx7-4DpxBiWQtv9DNnIKAX40vICh25IbiecHuuUykB69-AISe2qzLhWyAMFspg?session=1&fife"" height=""200"" width=""auto"" />",#icon-1899-DB4436,https://doc-00-as-mymaps.googleusercontent.com/untrusted/hostedimage/p2va6jf2mqks9bigu2itbc1ma4/pomo3ieknqgfqe1sggcekurirs/1589979218750/W4OmQKK1YzLkky7Ks6tUSHrwa0mUlkCc/02970851987269868253/5AF2TALpkdd9cfx0CaqEVG8eBSSsdcSIdEIpm41oYu3HQuOoUhyJkA8Y0h8lkvb3GJkLAJpdQBQ1T4g3-ISPkgC_4veAnPfYmZDVnSHioM9h7gQvmMMGpGhMEJ038YT__7ZG6v_2IyCeU2h-ab-GpiUBYt5uZ1RmGbr4Hpa4icoUaCQu4wNZeivl4aVaM1-y8Ji9n19AM_Ri0OPyq3exP12Lr_AJE8kxPJxbdSjXQ7yI2-a_htSneGti2kxLgUj1ilg0O9ob89EtpPEMLn9od2MGOQfemQ8dLvw?session=1&fife https://doc-08-as-mymaps.googleusercontent.com/untrusted/hostedimage/p2va6jf2mqks9bigu2itbc1ma4/c1ekkcqnofpmg0avroc35fds8c/1589979218750/W4OmQKK1YzLkky7Ks6tUSHrwa0mUlkCc/02970851987269868253/5AF2TALodm5soiKO-EAhVfXsLE6XtMx_0NyHy-Tsrx5NlWaxDDucQwRaig0X8Ix8fGiT2haAEuk8Yi17nDaFdBvtNCLmNlQENWhSo9hbO6WoiawsyrLzqaGch-fpHjJXyXfo9ejN8owV2047kgRZpcFaQgr2VnBnleotlxe6H_hWzVhQGaFocc6NmJ7ELm4smq3IueQfFjoPLT8LIjVVWu-3JNWvotAe6hE54bx7-4DpxBiWQtv9DNnIKAX40vICh25IbiecHuuUykB69-AISe2qzLhWyAMFspg?session=1&fife,gx_media_links,-103.362289428711,20.7631397247314,0
San José 11,"<img src=""https://doc-14-as-mymaps.googleusercontent.com/untrusted/hostedimage/p2va6jf2mqks9bigu2itbc1ma4/tuohg77q2i2tp1nub3l4fe27s4/1589979218750/W4OmQKK1YzLkky7Ks6tUSHrwa0mUlkCc/02970851987269868253/5AF2TALpl9edq3HIR-Sk8z4mDkhK9jrPdW8OHfOP7bBGLkf1LjG2tQJgLDFflxfRjALNaE_EzNVRi5r8wzKhnXDswZohuF2PTeL2agcqw1Bjpwx3eLUxs4U4jmFMhZXZJoTigvU1we9oUXHqpwRgRC7IHTRehC1-coWC-DkmE3LPKJDBwTawCmyFZU5ihiM7WhB5PiYsiJqZBleRzEuYD6vwMCVXATZ9Wm3fK1yVycrEcL4IYTkDy7vIlbhHwsberywN1D7E1aBJG9NoGG4qhNeYM0F1k-RU9ng?session=1&fife"" height=""200"" width=""auto"" /><br><br>",#icon-1899-DB4436,https://doc-14-as-mymaps.googleusercontent.com/untrusted/hostedimage/p2va6jf2mqks9bigu2itbc1ma4/tuohg77q2i2tp1nub3l4fe27s4/1589979218750/W4OmQKK1YzLkky7Ks6tUSHrwa0mUlkCc/02970851987269868253/5AF2TALpl9edq3HIR-Sk8z4mDkhK9jrPdW8OHfOP7bBGLkf1LjG2tQJgLDFflxfRjALNaE_EzNVRi5r8wzKhnXDswZohuF2PTeL2agcqw1Bjpwx3eLUxs4U4jmFMhZXZJoTigvU1we9oUXHqpwRgRC7IHTRehC1-coWC-DkmE3LPKJDBwTawCmyFZU5ihiM7WhB5PiYsiJqZBleRzEuYD6vwMCVXATZ9Wm3fK1yVycrEcL4IYTkDy7vIlbhHwsberywN1D7E1aBJG9NoGG4qhNeYM0F1k-RU9ng?session=1&fife,gx_media_links,-103.365829467773,20.7673187255859,0
Eucalipto 8A,"<img src=""https://doc-14-as-mymaps.googleusercontent.com/untrusted/hostedimage/p2va6jf2mqks9bigu2itbc1ma4/ktia0682fap8osogornl55otb4/1589979218750/W4OmQKK1YzLkky7Ks6tUSHrwa0mUlkCc/02970851987269868253/5AF2TALq8lhBRiWmwq686Q8cAFKGTALCMU6LSqy8chHTIuTFduI4s2CGaO6W-rkQIldSHbzVFT85hqCFXIXvH_Y8RNx16PQgNCo6LMAoMLq-IoVAF539dpOXv3lOXfmsPMmR6JSfhd7iLanhevNyZMSvC2DBd08J7OFmbagFE2uUMDCGujcVK3g18_IocKimo1O3-KM7sLhDDG_cFWu1anV2ESsoR19JGJSiUH9UB65XYaqj7tJjn8mPCekufb7yJmGnGIhddJ_zotwqeoQSuFH1k_a3P133YNg?session=1&fife"" height=""200"" width=""auto"" /><br><br>",#icon-1899-DB4436,https://doc-14-as-mymaps.googleusercontent.com/untrusted/hostedimage/p2va6jf2mqks9bigu2itbc1ma4/ktia0682fap8osogornl55otb4/1589979218750/W4OmQKK1YzLkky7Ks6tUSHrwa0mUlkCc/02970851987269868253/5AF2TALq8lhBRiWmwq686Q8cAFKGTALCMU6LSqy8chHTIuTFduI4s2CGaO6W-rkQIldSHbzVFT85hqCFXIXvH_Y8RNx16PQgNCo6LMAoMLq-IoVAF539dpOXv3lOXfmsPMmR6JSfhd7iLanhevNyZMSvC2DBd08J7OFmbagFE2uUMDCGujcVK3g18_IocKimo1O3-KM7sLhDDG_cFWu1anV2ESsoR19JGJSiUH9UB65XYaqj7tJjn8mPCekufb7yJmGnGIhddJ_zotwqeoQSuFH1k_a3P133YNg?session=1&fife,gx_media_links,-103.365730285645,20.7638645172119,0
Tortas Ahogadas Quiroz.,"<img src=""https://doc-10-as-mymaps.googleusercontent.com/untrusted/hostedimage/p2va6jf2mqks9bigu2itbc1ma4/4c1vp2m976a0dl8ad7fv7fc8lk/1589979218750/W4OmQKK1YzLkky7Ks6tUSHrwa0mUlkCc/02970851987269868253/5AF2TALrJa4xgKvSHuDmIPFP5kQql-53UIGi3wnF2FS1jEtsoaaBZPLvzfE07x_4JRPQqtfpd2ocjWD5EPS2_iuPuGBXwqMSoy3L9yhtGc8iTrUq-BzZtpWWKf-UP5d4MBc10ungS7qTRaWF8TcRHQOsVmvv4_B-ZKu1DgiAmC0ZX7HfAUwuQP8-BcVQ5GsCMjNjvyWwZClAh8aKG-i3WV4kjIHFHe0mlGRsZPC7muOFCwdfdqwwmfIX_rfEGACYe2OUfTvkSGBQTBSedVf9B8RajaxlBOiO22w?session=1&fife"" height=""200"" width=""auto"" /><br><br>",#icon-1899-DB4436,https://doc-10-as-mymaps.googleusercontent.com/untrusted/hostedimage/p2va6jf2mqks9bigu2itbc1ma4/4c1vp2m976a0dl8ad7fv7fc8lk/1589979218750/W4OmQKK1YzLkky7Ks6tUSHrwa0mUlkCc/02970851987269868253/5AF2TALrJa4xgKvSHuDmIPFP5kQql-53UIGi3wnF2FS1jEtsoaaBZPLvzfE07x_4JRPQqtfpd2ocjWD5EPS2_iuPuGBXwqMSoy3L9yhtGc8iTrUq-BzZtpWWKf-UP5d4MBc10ungS7qTRaWF8TcRHQOsVmvv4_B-ZKu1DgiAmC0ZX7HfAUwuQP8-BcVQ5GsCMjNjvyWwZClAh8aKG-i3WV4kjIHFHe0mlGRsZPC7muOFCwdfdqwwmfIX_rfEGACYe2OUfTvkSGBQTBSedVf9B8RajaxlBOiO22w?session=1&fife,gx_media_links,-103.365730285645,20.7640285491943,0
Eucalipto 2647B,"<img src=""https://doc-0g-as-mymaps.googleusercontent.com/untrusted/hostedimage/p2va6jf2mqks9bigu2itbc1ma4/v9ub068h0897p1stf36gdd80ik/1589979218750/W4OmQKK1YzLkky7Ks6tUSHrwa0mUlkCc/02970851987269868253/5AF2TALplrtxYMEccNhwtMQRlmT6Pbsv--EiyYYANcUgvgdehhFzLnnvANsLX610hz8iBTdEgyKHMtKzgzG3daDw4Hpazy1lxy5OXk25P8TOh-a2RbYFllYJgXlkDyD3ZP_YBOfm_LF_lU_Tt9O5K2iV5DcxLURyzcrRqYZAq-T3cHjEXCyzr4Y53ELy4oys-_5rySJfiAnDV-aiqOy8OqxW_qD5sMaiJrjathcBNwu6Y2_E_akQQQW3HwMY2huG5QY3DrsRybeU7OGFmtela5ZcD0xNG3LegNw?session=1&fife"" height=""200"" width=""auto"" /><br><br>",#icon-1899-DB4436,https://doc-0g-as-mymaps.googleusercontent.com/untrusted/hostedimage/p2va6jf2mqks9bigu2itbc1ma4/v9ub068h0897p1stf36gdd80ik/1589979218750/W4OmQKK1YzLkky7Ks6tUSHrwa0mUlkCc/02970851987269868253/5AF2TALplrtxYMEccNhwtMQRlmT6Pbsv--EiyYYANcUgvgdehhFzLnnvANsLX610hz8iBTdEgyKHMtKzgzG3daDw4Hpazy1lxy5OXk25P8TOh-a2RbYFllYJgXlkDyD3ZP_YBOfm_LF_lU_Tt9O5K2iV5DcxLURyzcrRqYZAq-T3cHjEXCyzr4Y53ELy4oys-_5rySJfiAnDV-aiqOy8OqxW_qD5sMaiJrjathcBNwu6Y2_E_akQQQW3HwMY2huG5QY3DrsRybeU7OGFmtela5ZcD0xNG3LegNw?session=1&fife,gx_media_links,-103.365943908691,20.7639007568359,0
San José 8,"<img src=""https://doc-0c-as-mymaps.googleusercontent.com/untrusted/hostedimage/p2va6jf2mqks9bigu2itbc1ma4/6cq7f1k2iehge8amd16t1904v0/1589979218750/W4OmQKK1YzLkky7Ks6tUSHrwa0mUlkCc/02970851987269868253/5AF2TALqRHU8Hw2VN1GlxGEZG7vE1DPZEHQGtL6Za_Cj_i7TExmfmxgA8KEO1hnYEqXlI-l2rG5TnCcRjNu4jC7Lzo0wGXF3u9oLXi6qj390I9xe8VhBXovVH3NC3Ns2ygDUIIfdCsu3Q3_kJwY_1CJQiwYsNYD6W_jHeOdmvUAmd7vH7LqJ0VptfF2RNRTLyzvtlUBCmF4lLqCo5jY4Gc__9JVSA7w3VbPYcSnifikOrebTRDSdEZ0bv19GNbt-x95opDf3t9F-SD9IOGOXUZM99ovR4qB7j3Q?session=1&fife"" height=""200"" width=""auto"" /><br><br>",#icon-1899-DB4436,https://doc-0c-as-mymaps.googleusercontent.com/untrusted/hostedimage/p2va6jf2mqks9bigu2itbc1ma4/6cq7f1k2iehge8amd16t1904v0/1589979218750/W4OmQKK1YzLkky7Ks6tUSHrwa0mUlkCc/02970851987269868253/5AF2TALqRHU8Hw2VN1GlxGEZG7vE1DPZEHQGtL6Za_Cj_i7TExmfmxgA8KEO1hnYEqXlI-l2rG5TnCcRjNu4jC7Lzo0wGXF3u9oLXi6qj390I9xe8VhBXovVH3NC3Ns2ygDUIIfdCsu3Q3_kJwY_1CJQiwYsNYD6W_jHeOdmvUAmd7vH7LqJ0VptfF2RNRTLyzvtlUBCmF4lLqCo5jY4Gc__9JVSA7w3VbPYcSnifikOrebTRDSdEZ0bv19GNbt-x95opDf3t9F-SD9IOGOXUZM99ovR4qB7j3Q?session=1&fife,gx_media_links,-103.365371704102,20.767936706543,0
Eucalipto 33,"<img src=""https://doc-14-as-mymaps.googleusercontent.com/untrusted/hostedimage/p2va6jf2mqks9bigu2itbc1ma4/fccltuubf954j1689890dvh8h8/1589979218750/W4OmQKK1YzLkky7Ks6tUSHrwa0mUlkCc/02970851987269868253/5AF2TALpWZVg8DOrZtyWh0JWfy76PBxEZrvy9QCN8tjcbUWSqMpFPK5vIyrjvFQkUhrLjjlJLUtCJTNY9RVQ6s2AfkMxqMYM3PuMIbEHozaI0tmH8U2eOaIvSyMZ-c3G1PJ_4lUQ0S2BA_0r2FxZKghsE8e3HvWS0K_6WPPbad_W0O4myLyALUmAguENo7ykTDRXhNcxLfHWK4A0cT_kB1ybg66lp3CC3Ms33NOo-YxgiFhOuiwX7PRl9pfJDgVWRFKS2dzaU05hqwHxKJugLQ3smZATNdV35hw?session=1&fife"" height=""200"" width=""auto"" /><br><br>",#icon-1899-DB4436,https://doc-14-as-mymaps.googleusercontent.com/untrusted/hostedimage/p2va6jf2mqks9bigu2itbc1ma4/fccltuubf954j1689890dvh8h8/1589979218750/W4OmQKK1YzLkky7Ks6tUSHrwa0mUlkCc/02970851987269868253/5AF2TALpWZVg8DOrZtyWh0JWfy76PBxEZrvy9QCN8tjcbUWSqMpFPK5vIyrjvFQkUhrLjjlJLUtCJTNY9RVQ6s2AfkMxqMYM3PuMIbEHozaI0tmH8U2eOaIvSyMZ-c3G1PJ_4lUQ0S2BA_0r2FxZKghsE8e3HvWS0K_6WPPbad_W0O4myLyALUmAguENo7ykTDRXhNcxLfHWK4A0cT_kB1ybg66lp3CC3Ms33NOo-YxgiFhOuiwX7PRl9pfJDgVWRFKS2dzaU05hqwHxKJugLQ3smZATNdV35hw?session=1&fife,gx_media_links,-103.362426757812,20.763111114502,0
Camino a la Mesa 230A,"<img src=""https://doc-08-as-mymaps.googleusercontent.com/untrusted/hostedimage/p2va6jf2mqks9bigu2itbc1ma4/m3r8jfj856vdd0ajvnjkk7b7ss/1589979218750/W4OmQKK1YzLkky7Ks6tUSHrwa0mUlkCc/02970851987269868253/5AF2TALrNOH3JYtsdRoN0lfiLMfgAf-OEKkOgJf-34mZicbXx7Apfwce71KOSQM9vR8VSMKYsrFyFW0kWFlwCHSH6HDzgllPqCwidOaiaDu-YIn5c2FKGzg-3JnFEJQvRYKCwAlva7LghTeGj2_2JsnJf-SX5tblClgLrRSrn_-V_eoygGNJ3fZH6RrRa3syh-1XxeUHsWlO-8zw9hCUCo-3FqMsj1Znc9lvWMjlGsH1-HDA-w46Lmh4NyvZCttGQW-D6wpq7lFmv2BbhMfrnuoJqg81vHDksBA?session=1&fife"" height=""200"" width=""auto"" /><br><br>",#icon-1899-DB4436,https://doc-08-as-mymaps.googleusercontent.com/untrusted/hostedimage/p2va6jf2mqks9bigu2itbc1ma4/m3r8jfj856vdd0ajvnjkk7b7ss/1589979218750/W4OmQKK1YzLkky7Ks6tUSHrwa0mUlkCc/02970851987269868253/5AF2TALrNOH3JYtsdRoN0lfiLMfgAf-OEKkOgJf-34mZicbXx7Apfwce71KOSQM9vR8VSMKYsrFyFW0kWFlwCHSH6HDzgllPqCwidOaiaDu-YIn5c2FKGzg-3JnFEJQvRYKCwAlva7LghTeGj2_2JsnJf-SX5tblClgLrRSrn_-V_eoygGNJ3fZH6RrRa3syh-1XxeUHsWlO-8zw9hCUCo-3FqMsj1Znc9lvWMjlGsH1-HDA-w46Lmh4NyvZCttGQW-D6wpq7lFmv2BbhMfrnuoJqg81vHDksBA?session=1&fife,gx_media_links,-103.365547180176,20.7639713287354,0
Estetica Unisex Linda,"<img src=""https://doc-04-as-mymaps.googleusercontent.com/untrusted/hostedimage/p2va6jf2mqks9bigu2itbc1ma4/u16hs5p58vl7i9262bku91bues/1589979218750/W4OmQKK1YzLkky7Ks6tUSHrwa0mUlkCc/02970851987269868253/5AF2TALpFYUjUaIDFijwNt9QLLi5lJD3t8QlMVRGWA9EA8Qu5JqJfFo4EbHpAmNgVjq-Qh429iAGEjLZiCkCp4309XQtiZGfwN9sfrcp3fl14FF6aMT2Lhj_elHtlvhron_GXFMmipb-xxqnfX3qYwA64cMVjXBOR5dha-PKwzLtbc0TyfYFcEj26cpAUFdD76aMEC8fnSNcp97-TReQV_aFWNRx4l2BxJt_bUbj_sO53xRL7NAVFIovtpOAw1C0hU55FQbbyTzKfPwDAlwKwkakAIp5Y6uT6bQ?session=1&fife"" height=""200"" width=""auto"" /><br><br>",#icon-1899-DB4436,https://doc-04-as-mymaps.googleusercontent.com/untrusted/hostedimage/p2va6jf2mqks9bigu2itbc1ma4/u16hs5p58vl7i9262bku91bues/1589979218750/W4OmQKK1YzLkky7Ks6tUSHrwa0mUlkCc/02970851987269868253/5AF2TALpFYUjUaIDFijwNt9QLLi5lJD3t8QlMVRGWA9EA8Qu5JqJfFo4EbHpAmNgVjq-Qh429iAGEjLZiCkCp4309XQtiZGfwN9sfrcp3fl14FF6aMT2Lhj_elHtlvhron_GXFMmipb-xxqnfX3qYwA64cMVjXBOR5dha-PKwzLtbc0TyfYFcEj26cpAUFdD76aMEC8fnSNcp97-TReQV_aFWNRx4l2BxJt_bUbj_sO53xRL7NAVFIovtpOAw1C0hU55FQbbyTzKfPwDAlwKwkakAIp5Y6uT6bQ?session=1&fife,gx_media_links,-103.366050720215,20.7638416290283,0
Farmacias DG,"<img src=""https://doc-0o-as-mymaps.googleusercontent.com/untrusted/hostedimage/p2va6jf2mqks9bigu2itbc1ma4/u3p6vvvgravkdjsc7mtrsct6go/1589979218750/W4OmQKK1YzLkky7Ks6tUSHrwa0mUlkCc/02970851987269868253/5AF2TALprZbHTIx1anrWX_Jnuog9wNBh8mLaw6mO_9c8DAIXigg2U1Pczobb7izQ52bVpaEAGHCmsk2deYOaeDg-42Xj7lnsn7TpRO3zjQJtziDsq-3jHLbBUVFAOAsKaBXPs_hn9e_6xCCsJZ2BqUUf4y7ks9ptP-4swir7zWmnrWK0vmsiYOFCSKoWZqhDI6wVvcZU6r3suZWANcxCyN69lx4-wNMWAw8rcvawQcxbJSBgzmeMnc3DOcdj-QDJSo6of5YMgVM-kQzAeMI-TYOJCHJhWWo66wQ?session=1&fife"" height=""200"" width=""auto"" /><br><br>",#icon-1899-DB4436,https://doc-0o-as-mymaps.googleusercontent.com/untrusted/hostedimage/p2va6jf2mqks9bigu2itbc1ma4/u3p6vvvgravkdjsc7mtrsct6go/1589979218750/W4OmQKK1YzLkky7Ks6tUSHrwa0mUlkCc/02970851987269868253/5AF2TALprZbHTIx1anrWX_Jnuog9wNBh8mLaw6mO_9c8DAIXigg2U1Pczobb7izQ52bVpaEAGHCmsk2deYOaeDg-42Xj7lnsn7TpRO3zjQJtziDsq-3jHLbBUVFAOAsKaBXPs_hn9e_6xCCsJZ2BqUUf4y7ks9ptP-4swir7zWmnrWK0vmsiYOFCSKoWZqhDI6wVvcZU6r3suZWANcxCyN69lx4-wNMWAw8rcvawQcxbJSBgzmeMnc3DOcdj-QDJSo6of5YMgVM-kQzAeMI-TYOJCHJhWWo66wQ?session=1&fife,gx_media_links,-103.365615844727,20.7639274597168,0
